31990,AP Online Top General Short Headlines
31991,AP Online Top International Short Headlines
31992,AP Online Top Technology Short Headlines
31993,AP Online Top Sports Short Headlines
31994,AP Online Top Business Short Headlines
31995,AP Online General Financial/Business News
31997,AP Online Asia News
31998,AP Online National News
31999,AP Online Baseball News
32000,AP Online Football News
32001,AP Online Basketball News
32002,AP Online Hockey News
32005,AP Online High Tech News
32500,AP Online Canada News
32501,AP Online Latin America and Caribbean News
32502,AP Online Europe News
32503,AP Online Africa News
32505,AP Online Middle East News
32506,AP Online Feature Stories
32516,AP Online President, White House, Advisers News
32517,AP Online Cabinet News
32518,AP Online Congress News
32519,AP Online Supreme Court news
32520,AP Online Other U.S. Government News
32523,AP Online Government Economic Figures Reports
32526,AP Online Personal Finance, Investing and Consumer News
32530,AP Online Wall Street Stock reports
32534,AP Online TV News
32535,AP Online Movies News
32536,AP Online Recordings News
32537,AP Online Other Entertainment News
32538,AP Online Health and medical news
32539,AP Online Science News
32541,AP Online Baseball Game Stories
32544,AP Online Football Game Stories
32547,AP Online Basketball Game Stories
32550,AP Online Hockey Game stories
32553,AP Online Soccer News
32554,AP Online Soccer Game Stories
32555,AP Online College Sports News
32556,AP Online College Game stories
32560,AP Online Golf News
32561,AP Online Golf Tournament Stories and Results
32562,AP Online Other Sports News
32564,AP Online Tennis News
32566,AP Online Auto Racing News
32568,AP Online Boxing News
32569,AP Online Boxing Match Stories
32570,AP Online Top U.S. News Short Headlines
32571,AP Online Top Entertainment Short Headlines
32573,AP Online Top Political Short Headlines
32574,AP Online Top Strange Headlines
41664,AP Top News
